{
	"Solomon Islands": {
		"x": -0.9684741966647962,
		"y": -0.16235355004346017,
		"z": -0.18894193600882636
	},
	"Western Canada": {
		"x": -0.22776162593207258,
		"y": 0.8840210781833645,
		"z": 0.4082050649860933
	},
	"Western United States": {
		"x": -0.3152350069659866,
		"y": 0.6941127458117046,
		"z": 0.6471741546793185
	},
	"Chile": {
		"x": 0.2549354060652419,
		"y": -0.6145572012481374,
		"z": 0.7465436257369069
	},
	"Archangel": {
		"x": 0.21202678955676857,
		"y": 0.9246097862111331,
		"z": -0.3164512343993184
	},
	"Peru Argentina": {
		"x": 0.32747991864230436,
		"y": -0.5866673373841303,
		"z": 0.7406607442902888
	},
	"Norway": {
		"x": 0.4159608553562873,
		"y": 0.9068972896482448,
		"z": -0.06718536179803711
	},
	"Greenland": {
		"x": 0.20483443293083695,
		"y": 0.9635942417032758,
		"z": 0.171840019908609
	},
	"Kerguelen Islands": {
		"x": 0.24295907408612166,
		"y": -0.7194055715517376,
		"z": -0.6507123111940731
	},
	"East Indies": {
		"x": -0.24554983381880133,
		"y": -0.01188037695597199,
		"z": -0.9693111655990264
	},
	"Brazil": {
		"x": 0.622843640733379,
		"y": -0.10903363530995532,
		"z": 0.7747112143044563
	},
	"Central America": {
		"x": -0.011273782846022231,
		"y": 0.3410352224584252,
		"z": 0.9399829141335885
	},
	"Venezuela": {
		"x": 0.4246068291768835,
		"y": 0.11593964191806079,
		"z": 0.89792373843677
	},
	"West Indies": {
		"x": 0.2407743594628652,
		"y": 0.39199273955892067,
		"z": 0.8879016837231131
	},
	"Angola": {
		"x": 0.9457128731444235,
		"y": -0.13798048294594034,
		"z": -0.2942593208293061
	},
	"French Madagascar": {
		"x": 0.6594488362282563,
		"y": -0.25747737390590797,
		"z": -0.7062808466351865
	},
	"Saudi Arabia": {
		"x": 0.6092944698094338,
		"y": 0.4304133964593517,
		"z": -0.6659613781654053
	},
	"Trans-Jordan": {
		"x": 0.6025871427461397,
		"y": 0.6046506990967146,
		"z": -0.5208514831301698
	},
	"Manchuria": {
		"x": -0.35597747708091904,
		"y": 0.7187113835386582,
		"z": -0.5972721180358679
	},
	"Mongolia": {
		"x": -0.16235116461528126,
		"y": 0.774409950501367,
		"z": -0.6114992460441242
	},
	"Afghanistan": {
		"x": 0.29880502613507076,
		"y": 0.6162747370679897,
		"z": -0.7286432630637574
	},
	"Persia": {
		"x": 0.4729210326147713,
		"y": 0.5787020259805463,
		"z": -0.6644167833796715
	},
	"Sweden": {
		"x": 0.38937377520032085,
		"y": 0.9139825488650282,
		"z": -0.11412258127310518
	},
	"Belorussia": {
		"x": 0.4832267881111985,
		"y": 0.8363605625951857,
		"z": -0.2588298293999346
	},
	"Germany": {
		"x": 0.5833543286964342,
		"y": 0.8018235163645535,
		"z": -0.12952519367256388
	},
	"Turkey": {
		"x": 0.5980165740878591,
		"y": 0.6656515367311757,
		"z": -0.44641259924384347
	},
	"Switzerland": {
		"x": 0.6367873224894607,
		"y": 0.7654927632301102,
		"z": -0.09231866203013304
	},
	"Spain Portugal": {
		"x": 0.7324349216353117,
		"y": 0.6758038222998762,
		"z": 0.0826334032577142
	},
	"Eire": {
		"x": 0.5440471170264942,
		"y": 0.8356856900406675,
		"z": 0.07511432564040849
	},
	"New Zealand": {
		"x": -0.7887643493172487,
		"y": -0.6084103514239114,
		"z": -0.08767921946715533
	},
	"Australia": {
		"x": -0.6638972363968648,
		"y": -0.31284868600885435,
		"z": -0.679239397537524
	},
	"India": {
		"x": 0.1989417712357839,
		"y": 0.4737144861726224,
		"z": -0.8579141899093273
	},
	"Formosa": {
		"x": -0.4592386082538255,
		"y": 0.45358167960087287,
		"z": -0.7637824039735011
	},
	"United Kingdom": {
		"x": 0.5409131276786874,
		"y": 0.8404135105547321,
		"z": 0.033438295140920886
	},
	"Iceland": {
		"x": 0.34652402875425625,
		"y": 0.9299550011533217,
		"z": 0.1229015594931374
	},
	"Philippine Islands": {
		"x": -0.5120311066145953,
		"y": 0.2589695229515611,
		"z": -0.8189987375089621
	},
	"Eastern Europe": {
		"x": 0.5250590172437979,
		"y": 0.8278421018893132,
		"z": -0.1974600788778868
	},
	"Japan": {
		"x": -0.5784442802320877,
		"y": 0.6290607624110868,
		"z": -0.5193118252664426
	},
	"Antarctica": {
		"x": 0.01609539636964882,
		"y": -0.9996620850405424,
		"z": 0.020412102980803728
	},
	"Cyprus": {
		"x": 0.655507735815589,
		"y": 0.619497490296172,
		"z": -0.4318940469636788
	},
	"Libya": {
		"x": 0.8196761066188475,
		"y": 0.5119995074821362,
		"z": -0.2568804869510674
	},
	"Southern Europe": {
		"x": 0.6602382339929046,
		"y": 0.7226779810551492,
		"z": -0.20450430330920683
	},
	"Gibraltar": {
		"x": 0.7433167260095292,
		"y": 0.6671756377599309,
		"z": 0.0485480505695527
	},
	"Hawaiian Islands": {
		"x": -0.8273575077295624,
		"y": 0.43461502331570556,
		"z": 0.35579395148289966
	},
	"Alaska": {
		"x": -0.33052159486349936,
		"y": 0.9285310933084218,
		"z": 0.1690724226133759
	},
	"Mexico": {
		"x": -0.2061714061943151,
		"y": 0.47633113223425017,
		"z": 0.8547525979675616
	},
	"Eastern United States": {
		"x": 0.036743963925466694,
		"y": 0.6506162502508188,
		"z": 0.7585172219696849
	},
	"Central United States": {
		"x": -0.17867672948454427,
		"y": 0.6830586127192829,
		"z": 0.7081705712119896
	},
	"Eastern Canada": {
		"x": 0.18315101189192334,
		"y": 0.8308097579960895,
		"z": 0.5255576589313902
	},
	"Western Europe": {
		"x": 0.624638923741324,
		"y": 0.7802072712505389,
		"z": -0.03320886681397599
	},
	"Balkans": {
		"x": 0.6037715521607601,
		"y": 0.7499156364721147,
		"z": -0.2703450590930221
	},
	"Ukraine S.S.R.": {
		"x": 0.5238071099289978,
		"y": 0.7866676649465758,
		"z": -0.32677223951145684
	},
	"West Russia": {
		"x": 0.385399031884926,
		"y": 0.8459640579129607,
		"z": -0.3685273381197095
	},
	"Karelia S.S.R.": {
		"x": 0.3376764415021529,
		"y": 0.9110140336973122,
		"z": -0.2367024530100939
	},
	"French Indochina": {
		"x": -0.16909686251548958,
		"y": 0.4572870410196962,
		"z": -0.8730949623052858
	},
	"Borneo": {
		"x": -0.41178306451796154,
		"y": 0.06397108769852056,
		"z": -0.9090337769933879
	},
	"New Guinea": {
		"x": -0.7827428763827369,
		"y": -0.04323947583440045,
		"z": -0.620841314026093
	},
	"Kazahk S.S.R.": {
		"x": 0.300978983026489,
		"y": 0.7237146820586778,
		"z": -0.6210062083015332
	},
	"Himalaya": {
		"x": -0.70661711600194,
		"y": 0.6799527016912553,
		"z": -0.19584834652318023
	},
	"Sinkiang": {
		"x": 0.029429562523917364,
		"y": 0.7029036819383585,
		"z": -0.7106759562326206
	},
	"Kwangtung": {
		"x": -0.3493565768589968,
		"y": 0.5646452699615495,
		"z": -0.747747083789307
	},
	"Caucasus": {
		"x": 0.4822836140945419,
		"y": 0.7518842103855,
		"z": -0.44952491560410757
	},
	"Evenki National Okrug": {
		"x": -0.026191763164465368,
		"y": 0.9282285023983669,
		"z": -0.37108737364348804
	},
	"Yakut S.S.R.": {
		"x": -0.1485364112526636,
		"y": 0.921998991725728,
		"z": -0.3575678869654276
	},
	"Soviet Far East": {
		"x": -0.32256857338654876,
		"y": 0.9215789833933676,
		"z": -0.21596687901392092
	},
	"Buryatia S.S.R.": {
		"x": -0.3413220324456221,
		"y": 0.8204534795438189,
		"z": -0.45864513305128374
	},
	"Novosibirsk": {
		"x": 0.06938172410587191,
		"y": 0.8189765440932201,
		"z": -0.5696170613536982
	},
	"Russia": {
		"x": 0.13677916176571553,
		"y": 0.8832817700712957,
		"z": -0.4484470710868643
	},
	"Midway Island": {
		"x": -0.6598649962374857,
		"y": 0.7358292854427276,
		"z": 0.15209684225962092
	},
	"Wake Island": {
		"x": -0.8573760106325284,
		"y": 0.4523264169905459,
		"z": -0.2455752204200278
	},
	"Caroline Islands": {
		"x": -0.7533587683891425,
		"y": 0.24788242914926623,
		"z": -0.6091016888913158
	},
	"Okinawa": {
		"x": -0.6490158041780643,
		"y": 0.47813608627453136,
		"z": -0.5917468791038737
	},
	"Rhodesia": {
		"x": 0.8255125429059903,
		"y": -0.014241719543657265,
		"z": -0.5642040543361286
	},
	"Sahara": {
		"x": 0.8721406792955883,
		"y": 0.47997302226331956,
		"z": -0.09485005755003438
	},
	"French West Africa": {
		"x": 0.9269996995110978,
		"y": 0.34520724741082043,
		"z": 0.14664076323239505
	},
	"French Equitorial Africa": {
		"x": 0.9489689905706721,
		"y": 0.26686764602396806,
		"z": -0.16804616758767674
	},
	"Belgian Congo": {
		"x": 0.9209317558464619,
		"y": 0.08425604320650722,