{
  "Solomon Islands": {
    "x": -0.9684741966647962,
    "y": -0.16235355004346017,
    "z": -0.18894193600882636
  },
  "Western Canada": {
    "x": -0.22105656733020865,
    "y": 0.9185483135291241,
    "z": 0.3277239535843952
  },
  "Western United States": {
    "x": -0.35239534925114474,
    "y": 0.702181994740479,
    "z": 0.6186743602966311
  },
  "Chile": {
    "x": 0.2549354060652419,
    "y": -0.6145572012481374,
    "z": 0.7465436257369069
  },
  "Archangel": {
    "x": 0.1509785446489207,
    "y": 0.9579819919489785,
    "z": -0.24387698160581145
  },
  "Peru Argentina": {
    "x": 0.32747991864230436,
    "y": -0.5866673373841303,
    "z": 0.7406607442902888
  },
  "Norway": {
    "x": 0.28476757002544856,
    "y": 0.9511677834589162,
    "z": -0.11911036382974298
  },
  "Greenland": {
    "x": 0.15704656149235577,
    "y": 0.9776178249855378,
    "z": 0.1399991635474081
  },
  "Kerguelen Islands": {
    "x": 0.24295907408612166,
    "y": -0.7194055715517376,
    "z": -0.6507123111940731
  },
  "East Indies": {
    "x": -0.3687554331347647,
    "y": -0.03783281814853459,
    "z": -0.9287562158093651
  },
  "Brazil": {
    "x": 0.5545640136743685,
    "y": -0.10263647379385643,
    "z": 0.8257872056314131
  },
  "Central America": {
    "x": 0.05062770804601334,
    "y": 0.30061845528348163,
    "z": 0.9523998002524889
  },
  "Venezuela": {
    "x": 0.4246068291768835,
    "y": 0.11593964191806079,
    "z": 0.89792373843677
  },
  "West Indies": {
    "x": 0.2407743594628652,
    "y": 0.39199273955892067,
    "z": 0.8879016837231131
  },
  "Angola": {
    "x": 0.9457128731444235,
    "y": -0.13798048294594034,
    "z": -0.2942593208293061
  },
  "French Madagascar": {
    "x": 0.6594488362282563,
    "y": -0.25747737390590797,
    "z": -0.7062808466351865
  },
  "Saudi Arabia": {
    "x": 0.6092944698094338,
    "y": 0.4304133964593517,
    "z": -0.6659613781654053
  },
  "Trans-Jordan": {
    "x": 0.6373397486859791,
    "y": 0.5784701849257575,
    "z": -0.5090877035412003
  },
  "Manchuria": {
    "x": -0.41263238970160665,
    "y": 0.6792644125843365,
    "z": -0.6069055682440206
  },
  "Mongolia": {
    "x": -0.16235116461528126,
    "y": 0.774409950501367,
    "z": -0.6114992460441242
  },
  "Afghanistan": {
    "x": 0.29880502613507076,
    "y": 0.6162747370679897,
    "z": -0.7286432630637574
  },
  "Persia": {
    "x": 0.4766703988327288,
    "y": 0.5993648822971774,
    "z": -0.6430762542230417
  },
  "Sweden": {
    "x": 0.38937377520032085,
    "y": 0.9139825488650282,
    "z": -0.11412258127310518
  },
  "Belorussia": {
    "x": 0.4860079562311102,
    "y": 0.8338865311067547,
    "z": -0.26159036625763377
  },
  "Germany": {
    "x": 0.5863131514847177,
    "y": 0.7978671707124636,
    "z": -0.14016014517453626
  },
  "Turkey": {
    "x": 0.5980165740878591,
    "y": 0.6656515367311757,
    "z": -0.44641259924384347
  },
  "Switzerland": {
    "x": 0.6367873224894607,
    "y": 0.7654927632301102,
    "z": -0.09231866203013304
  },
  "Spain Portugal": {
    "x": 0.7324349216353117,
    "y": 0.6758038222998762,
    "z": 0.0826334032577142
  },
  "Eire": {
    "x": 0.5440471170264942,
    "y": 0.8356856900406675,
    "z": 0.07511432564040849
  },
  "New Zealand": {
    "x": -0.7888759675274308,
    "y": -0.608014238042704,
    "z": -0.0894057839013225
  },
  "Australia": {
    "x": -0.6240232228393036,
    "y": -0.3834432063628603,
    "z": -0.6808570517013227
  },
  "India": {
    "x": 0.17013431619118738,
    "y": 0.4789049581213241,
    "z": -0.8612225934919322
  },
  "Formosa": {
    "x": -0.4592386082538255,
    "y": 0.45358167960087287,
    "z": -0.7637824039735011
  },
  "United Kingdom": {
    "x": 0.5409131276786874,
    "y": 0.8404135105547321,
    "z": 0.033438295140920886
  },
  "Iceland": {
    "x": 0.34652402875425625,
    "y": 0.9299550011533217,
    "z": 0.1229015594931374
  },
  "Philippine Islands": {
    "x": -0.5120311066145953,
    "y": 0.2589695229515611,
    "z": -0.8189987375089621
  },
  "Eastern Europe": {
    "x": 0.4947023235542562,
    "y": 0.842556391163061,
    "z": -0.21299844783542177
  },
  "Japan": {
    "x": -0.5548480753684738,
    "y": 0.6482119984127681,
    "z": -0.5215024624808838
  },
  "Antarctica": {
    "x": 0.01609539636964882,
    "y": -0.9996620850405424,
    "z": 0.020412102980803728
  },
  "Cyprus": {
    "x": 0.655507735815589,
    "y": 0.619497490296172,
    "z": -0.4318940469636788
  },
  "Libya": {
    "x": 0.8060406214343899,
    "y": 0.5345835616443354,
    "z": -0.25400577201575497
  },
  "Southern Europe": {
    "x": 0.6694577585396272,
    "y": 0.7115765141689319,
    "z": -0.2132725345990195
  },
  "Gibraltar": {
    "x": 0.7554185076213885,
    "y": 0.6521438561692066,
    "z": 0.0636495813327253
  },
  "Hawaiian Islands": {
    "x": -0.8408976553278464,
    "y": 0.40509448890999145,
    "z": 0.3588726630977664
  },
  "Alaska": {
    "x": -0.3799044756286493,
    "y": 0.9079216411927259,
    "z": 0.17706180517330133
  },
  "Mexico": {
    "x": -0.27469725855645505,
    "y": 0.4919279369409035,
    "z": 0.8261648267740734
  },
  "Eastern United States": {
    "x": 0.10953842874932218,
    "y": 0.6596329064186512,
    "z": 0.7435628832834603
  },
  "Central United States": {
    "x": -0.19867592826261463,
    "y": 0.6585506994350319,
    "z": 0.7258366564197614
  },
  "Eastern Canada": {
    "x": 0.1019696499435036,
    "y": 0.9048740228134188,
    "z": 0.41328584941643004
  },
  "Western Europe": {
    "x": 0.5727908481522854,
    "y": 0.8173811684623487,
    "z": -0.06163334905804649
  },
  "Balkans": {
    "x": 0.6127408782961444,
    "y": 0.7457433567787483,
    "z": -0.26156349494001263
  },
  "Ukraine S.S.R.": {
    "x": 0.5296886077703974,
    "y": 0.784205877199136,
    "z": -0.32318898645311467
  },
  "West Russia": {
    "x": 0.40457220723915005,
    "y": 0.8409555281978884,
    "z": -0.35932593661333806
  },
  "Karelia S.S.R.": {
    "x": 0.3139531868449136,
    "y": 0.9239422849324732,
    "z": -0.2185498812255072
  },
  "French Indochina": {
    "x": -0.17685347063369541,
    "y": 0.3156233731572433,
    "z": -0.9322578700347132
  },
  "Borneo": {
    "x": -0.48150978359830854,
    "y": 0.0519580538853001,
    "z": -0.8748992450194264
  },
  "New Guinea": {
    "x": -0.7740446742270354,
    "y": -0.02586616017172964,
    "z": -0.6326023901778532
  },
  "Kazahk S.S.R.": {
    "x": 0.30297617024711654,
    "y": 0.7129875480918393,
    "z": -0.6323402537624639
  },
  "Himalaya": {
    "x": 0.04094823459130627,
    "y": 0.5855047228946474,
    "z": -0.8096341529060626
  },
  "Sinkiang": {
    "x": 0.004411722716533656,
    "y": 0.7021143451695828,
    "z": -0.7120505480720877
  },
  "Kwangtung": {
    "x": -0.3428632805776935,
    "y": 0.5864861949746877,
    "z": -0.7338110887248942
  },
  "Caucasus": {
    "x": 0.4940365325785348,
    "y": 0.7366048585536924,
    "z": -0.46188871693609623
  },
  "Evenki National Okrug": {
    "x": -0.02130717025025069,
    "y": 0.9449867993118767,
    "z": -0.3264137767040813
  },
  "Yakut S.S.R.": {
    "x": -0.12768109744339168,
    "y": 0.9402092015656187,
    "z": -0.3157597102972336
  },
  "Soviet Far East": {
    "x": -0.33513465554680794,
    "y": 0.932394100365142,
    "z": -0.1353735729594209
  },
  "Buryatia S.S.R.": {
    "x": -0.38837702093436477,
    "y": 0.8079843781002439,
    "z": -0.44308524502189234
  },
  "Novosibirsk": {
    "x": 0.040034445523766414,
    "y": 0.8148500316903337,
    "z": -0.5782877043702958
  },
  "Russia": {
    "x": 0.09540830930420496,
    "y": 0.9180775943144591,
    "z": -0.3847476904849315
  },
  "Midway Island": {
    "x": -0.6767626103697684,
    "y": 0.7194180165046272,
    "z": 0.15630126913766557
  },
  "Wake Island": {
    "x": -0.8711742745742173,
    "y": 0.422679835712571,
    "z": -0.24979419489267626
  },
  "Caroline Islands": {
    "x": -0.7540038799549017,
    "y": 0.2420561491860625,
    "z": -0.6106447163893002
  },
  "Okinawa": {
    "x": -0.6621128017427271,